<?xml version="1.0" encoding="UTF-8" standalone="yes"?>
<manifest>
  <control namespace="hamwi" constructor="GoogleMapLocation" version="0.0.7" display-name-key="GoogleMapLocation" description-key="GoogleMapLocation description" control-type="standard" api-version="1.2.1">
    <type-group name="numbers">
      <type>FP</type>
      <type>Decimal</type>
    </type-group>
    <property name="AddressName" display-name-key="Address Name Field" description-key="The Address Name value" of-type="SingleLine.Text" usage="bound" required="false"/>
    <property name="Country" display-name-key="Country Field" description-key="The Country value" of-type="SingleLine.Text" usage="bound" required="false"/>
    <property name="City" display-name-key="City Field" description-key="The City value" of-type="SingleLine.Text" usage="bound" required="false"/>
    <property name="Street" display-name-key="Street Field" description-key="The Street value" of-type="SingleLine.Text" usage="bound" required="false"/>
    <property name="Telephone" display-name-key="Telephone Field" description-key="The Telephone value" of-type="SingleLine.Text" usage="bound" required="false"/>
    <property name="PostalCode" display-name-key="Postal Code Field" description-key="The Postal Code value" of-type="SingleLine.Text" usage="bound" required="false"/>
    <property name="Latitude" display-name-key="Latitude Field" description-key="The latitude value" of-type-group="numbers" usage="bound" required="true"/>
    <property name="Longitude" display-name-key="Longitude Field" description-key="The longitude value" of-type-group="numbers" usage="bound" required="true"/>
    <property name="GoogleAPIKey" display-name-key="Google Map API Key" description-key="The Key for Google Map API" of-type="SingleLine.Text" usage="input" required="true"/>
    <property name="ButtonColor" display-name-key="Button Color" description-key="The color of the button for saving" of-type="SingleLine.Text" usage="input" required="false"/>
    <resources>
      <code path="bundle.js" order="1"/>
      <css path="css/MapHandler.css" order="1"/>
    </resources>
    <feature-usage>
      <uses-feature name="Device.getCurrentPosition" required="true"/>
    </feature-usage>
    <built-by name="pac" version="1.1.6"/>
  </control>
</manifest>